{"cameraMode":{"drawMode":0,"name":"Shaded","section":"Shading Mode"},"sceneLighting":true,"audioPlay":false,"sceneViewState":{"showFog":true,"showMaterialUpdate":false,"showSkybox":true,"showFlares":true,"showImageEffects":true,"showParticleSystems":true,"showVisualEffectGraphs":true,"m_FxEnabled":true},"in2DMode":false,"pivot":{"x":-5.83860969543457,"y":1.8553861379623414,"z":6.026333808898926},"rotation":{"x":-0.008678512647747994,"y":-0.2644028663635254,"z":0.0023841517977416517,"w":-0.9643840789794922},"size":0.3325663208961487,"orthographic":false}